id1,id2,w1,w2,d1,d2,label
1,1,पाकुड़,अननक्वॉडियम,भारत के झारखंड राज्य का एक शहर पाकुड़ क,एक किरणोत्सर्गी रासायनिक तत्त्व,0
3,3,निरुत्साही,अनुत्साही,जिसमें उत्साह या स्फूर्ति न हो निरुत्स,उत्साह किंवा स्फूर्ती नसलेला,1
5,5,क्षत विक्षत,महालक्ष्मी,कटी पिटी अवस्था में इधर इधर फैला हुआ वह ,नारायणाची एक शक्ती महालक्ष्म,0
7,7,असह,वयोगट,"जो अपने उग्रता,कठोरता,अनौचित्य आदि के कार",साधारणतः समान वय असेलल्या लोकांचा समूह,0
9,9,ओकोलेहाओ,आदरातिथ्य,"एक प्रकार की शराब जो गन्ने के रस, चावल और म",पाहुण्याचा केलेला आदरसन्मान ,0
11,11,जल भंडारण,आझाद हिंद सेना,वह मानवकृति जहाँ जल का भंडारण या जल को इकट,राजा महेन्द्र प्रताप सिंह ह्यांनी एकोणत,0
13,13,चाल,चाळ,अनेक परिवारों के रहने के लिए बनाई गई आपस म,एकाच नमुन्याच्या घरांची पट्टी,1
15,15,अभिपूर्ण,परिपूर्ण,जो पूरी तरह से पूर्ण या भरा हुआ हो या जिसमे,पूर्णपणे भरलेला किंवा कसलीही कमतरता नसल,1
17,17,अनामीज़,अनामी,अनाम से संबंधित या अनाम का  यह एक अनामीज,अनाम ह्या प्रांताचा वा ह्या प्रांताशी सं,1
19,19,आवाहन,आवाहन,किसी काम में साथ देने के लिए बुलाने या आओ क,एखाद्या कामात साथ देण्यासाठी बोलवण्याची,1
21,21,तबदीली,बदली,अधिकारी या कार्यकर्ता का एक स्थान या विभा,दुसर्या ठिकाणी नेमणूक माझी रत,1
23,23,नीचा,बेल्जियमी,जिसके तल से उसके आसपास का तल ऊँचा हो या जो ,बेल्जियमी भाषेचा किंवा बेल्जियमी भाषेशी,0
25,25,रास,कारले,एक मात्रिक छंद रास के प्रत्येक चरण में ,"रास,कारले,""  एक मात्रिक छंद रास के प्रत्य"" ",0
27,27,बध्य,वध्य,मार डालने योग्य मेरी दृष्टि में प्रत्य,मारून टाकण्यास योग्य असा प्रत,1
29,29,पौर्णमासी,पौर्णिमा,"चान्द्र मास के शुक्ल पक्ष की अंतिम तिथि, ज",ज्या तिथीस चंद्रबिंब सोळाही कलांनी युक्,1
31,31,रंगाई,रंगकाम,रंगने की क्रिया या भाव एक कमरे की रँगाई ,रंगण्याचे काम घराच्या रंगकाम,1
33,33,माया,चेटक्या,इंद्रवज्रा नामक वर्णवृत्त का एक उपभेद जो,"जादूटोणा,मंत्रतंत्र,करणी करणारा",0
35,35,गुरिल्ला सेना,पुढे जाणारा,गोरिल्ला युद्ध करने वाली सेना शिवाजी क,पुढे जाण्याची क्रिया करणारा प,0
37,37,स्थावर,स्थिर,जो चल न सके या जिसमें गति न हो वनस्पतिया,हलवण्यास अशक्य असलेला घर ही स,1
39,39,लेह,आवळा,भारत के जम्मू और कश्मीर प्रांत का एक जिला,बाहेरून सहा उभ्या रेषा असलेले एक तुरट फळ,0
41,41,आगे,साडेसाती,आगे की ओर स्थिति पंक्ति में राम मेरे आग,एका विशिष्ट वेळेपर्यंत राहणारी शनि ग्रह,0
43,43,वानप्रस्थी,वानप्रस्थाश्रमी,जो वानप्रस्थ आश्रम में प्रवेश कर गया हो,वानप्रस्थाश्रमात प्रवेश केलेला,1
45,45,खंभ,ताणा बाणा,"पत्थर, लकड़ी, आदि का बना गोल या चौकोर ऊँचा ",विणीचे उभे आडवे धागे किंवा सूत,0
47,47,ख़रीफ़,अहमदाबाद,आषाढ़ से अगहन तक में काटी जाने वाली फ़सल,गुजरात राज्यातील एक शहर अहमदा,0
49,49,साँवला,सावळा,कुछ कुछ काला या हल्का काला कृष्ण साँवले,काळ्या रंगाकडे झुकलेल्या रंगाचा,1
51,51,अश्लीलता,बारामाशी,अश्लील होने की अवस्था या भाव अश्लीलता क,वर्षाच्या सगळ्या महिन्यांत येणारा किंवा,0
53,53,खुरचन,जागतिक विक्रम,एक प्रकार की मिठाई  श्यामा खुरचन खा रही ,जागतिक स्तरावर एखाद्या क्षेत्रात केलेले,0
55,55,गुल अजायब,प्रतिविन्ध्य,एक फूलदार पौधा  माली बाग में गुल अजायब ल,द्रौपदीच्या पाच मुलांपैकी एक,0
57,57,कोमलांगना,कोमलांगी,कोमल अंगोंवाली या जिसके अंग कोमल हों सड,जिचे अंग कोमल आहे अशी परिस्थि,1
59,59,सीमा बंधन,सीमांकन,सीमा को अंकित करने का कार्य बँटवारे के ,सीमा निश्चितीचे कार्य भौगोलि,1
61,61,अमान्यकरण,अधिसूचना,अमान्य करने की क्रिया या भाव फर्जी दस्त,अधिकृत सूचना मंत्रालयातून आल,0
63,63,सेंधमार,चिलीम,सेंध लगाकर चोरी करने वाला पहले ज़माने म,तंबाखूचा धूर ओढण्याची नळी असललेले माती क,0
65,65,ईंदर,इंडिया गेट,एक प्रकार की मिठाई ईंदर ताजा ब्याई हुई ,दिल्लीतील एक राष्ट्रीय स्मारक,0
67,67,विटामिन सी,कोश,"एक प्रकार का विटामिन जो नीबू, संतरा, आमला आ",ज्यात काही साठवले जाते अशी गोष्ट,0
69,69,विपुत्रा,निपुत्रीका,जिसे पुत्र न हो स्त्री उन्होंने अपनी व,ज्यास पुत्र नाही स्त्री त्या,1
71,71,कक्षा प्रबंध,काटा,कक्षा की व्यवस्था का काम कक्षा नायक कक्,माशाच्या शरीरातील हाड मासा खा,0
73,73,वैधानिक,तक्रार,संविधान या किसी संस्था के नियमों से संबंध,न्यायासाठी केलेली प्रार्थना ,0
75,75,आड़ा,आडवा,जो क्षितिज के समान अन्तर पर हो आड़ा रेख,जो क्षितीजाच्या सरळ पातळीवर असलेला,1
77,77,बोहरा,पसंत,एक जाति  बोहरा जाति दक्षिण भारत में पाई ,एखाद्या विशेष गुणामुळे आवडणारी गोष्ट,0
79,79,ठिकाना,ठिकाण,निश्चित या निर्दिष्ट स्थान  घर में कोई ,निश्चित अथवा निर्देशित स्थान,1
81,81,पश्चिम सिक्किम,गाभा,भारत के सिक्किम राज्य का एक जिला पश्चिम,"देवळाच्या आतील, ज्यात मूर्ती असते तो भाग",0
83,83,फ़ारस,डौल,एक प्राचीन देश जो अफ़गानिस्तान के पश्चिम,हालचालीतील सौंदर्य तिचा डौल प,0
85,85,पाटलोपल,शरण्य,एक प्रकार की मणि पाटलोपल सफेदी लिए लाल ,शरण आलेल्यांचे रक्षण करणारा श,0
87,87,परिश्रम,परिश्रम,ऐसा काम जिसे करते करते शरीर में शिथिलता आ,शरीराला वा मनास थकवा येईल असे काम,1
89,89,अस्तुरा,वस्त्रा,बाल मूँड़ने का छुरा बाल बनाते समय नाई न,केस काढण्याचे एक शस्त्र गिर्ह,1
91,91,बतिया,यष्टी,थोड़े दिनों का लगा हुआ कच्चा छोटा फल लौ,क्रिक्रेटच्या खेळात वापरल्या जाणाऱ्या,0
93,93,सत्ताधीश,सत्ताधारी,वह जिसके हाथ में सत्ता हो अंग्रेज सत्ता,"सत्ता, मालकी, प्रभुत्व वगैरे असलेला मनुष्",1
95,95,विधेयक,सीमोल्लंघन,किसी विधान या क़ानून का वह पूर्व या प्रस्,सीमारेषेचे केलेले अतिक्रमण भ,0
97,97,प्लेट,सेनापती,पृथ्वी की तह की कठोर परत जिसे माना जाता है,सैन्याचा मुख्य नायक कार्तिके,0
99,99,मैनफर,दादागिरी,मंझोले आकार का एक काँटेदार वृक्ष मैनफर,उगीचच एखाद्याशी भांडण किंवा मारामारी कर,0
101,101,तटवासी,तीरवासी,तट पर रहनेवाला बाढ़ के कारण अधिकाँश तटव,किनार्यावर किंवा तीरावर राहत असलेला,1
103,103,पालतू पक्षी,क्षमावंत,वह पक्षी जो पाला जाता हो मुर्गा एक पालत,क्षमा करणारा क्षमावंत व्यक्त,0
105,105,केशरी,केसरी,अंजना के पति और हनुमान के पिता केशरी सु,मारोतीचे वडील केसरी हा वानरां,1
107,107,मलझन,विसराळू,एक प्रकार की बेल मलझन को बागों में लगाय,विसरण्याचा स्वभाव असलेला राम,0
109,109,ब्रह्मर्षि,परिवहन मंत्रालय,वह ऋषि जो ब्राह्मण कुल में उत्पन्न हुआ हो,परिवहन मंत्र्याच्या निर्देशनात काम करणा,0
111,111,कसर,कसूर,किसी चीज या बात का ऐसा अभाव या कमी जिसकी पू,एखादी वस्तू किंवा गोष्टीतील अभाव किंवा क,1
113,113,समस्तीपुर,भाषाप्रभू,भारत के बिहार राज्य का एक शहर समस्तीपुर,भाषेवर प्रभुत्व असणारा आज संम,0
115,115,इंध,इंधन,वे पदार्थ जिनके जलने से ऊर्जा प्राप्त होत,ज्या पदार्थाचा वापर करून ऊर्जा मिळवता ये,1
117,117,अशब्द,भूचर प्राणी,शब्दों का अभाव अशब्द की स्थिति में मूक ,जमिनीवर राहणारा प्राणी गाय ही,0
119,119,असबर्ग,आरुणी,एक फूल जो एक प्रकार की लंबी घास से प्राप्त,धौम्य ऋषींचे एका शिष्य आरुणील,0
121,121,रायबरेली,महिरपीच्या मध्यभागीची वीट,भारत के उत्तर प्रदेश राज्य का एक शहर सो,महिरपीच्या मध्यभागीची वीट मु,0
123,123,भोजनालय,परिशीलन,वह स्थान जहाँ पका हुआ भोजन मिले हमनें श,"मनापासूनचा अभ्यास, जबर व्यासंग",0
125,125,सांभर,सांबर,एक प्रकार का हिरन जो विशेषकर दक्षिण एशिया,हरणासारखा जनावर सांबराचे शिं,1
127,127,मिलान,मिलाफ,मिलने की क्रिया या भाव नाटक की समाप्ति ,एकत्र येण्याची क्रिया नाटकाच,1
129,129,दूरी,लाल मनुका,दूर होने की अवस्था या भाव लड़ाई झगड़े क,लाल रंगाचा मनुका लाल मनुका पा,0
131,131,प्रार्थी,प्रार्थक,प्रार्थना या आवेदन करनेवाला आज प्रार्,प्रार्थना करणारा आम्ही प्रार,1
133,133,विद्रूप,विद्रूप,जिसमें किसी प्रकार का विकार हो गया हो  अ,ज्यात विकार किंवा बिघाड झाला आहे असा,1
135,135,महानारायण,कोरडवाहू जमीन,एक उपनिषद्  महानारायण उपनिषद् अथर्व वे,विहिर किंवा पाटबंधार्याच्या पाण्याविरह,0
137,137,अन्वर्थ,अन्वर्थक,अर्थ के अनुकूल यह व्याख्या अन्वर्थ नही,अर्थाला अनुसरणारा ही व्याख्य,1
139,139,अभोक्ता,मादागास्कर,व्यवहार या काम में न लाने वाला ग्रामीण ,आफ्रिका खंडाच्या आग्नेयास असलेले लोकशाह,0
141,141,पौराण,पौराणिक,पुराण संबंधी या पुराण का दादी हमें पौरा,पुराणातील वा पुराणासंबंधी त्,1
143,143,विटभूत,अद्रोही,एक दैत्य विटभूत का वर्णन महाभारत में मि,कधईही द्रोह न करणारा अद्रोही ,0
145,145,बाँझ,प्रार्थना,स्त्री या मादा पशु जिसे संतान होती ही न ह,एखाद्यास एखादी गोष्ट करण्यासाठी नम्रपणे,0
147,147,संक्षेपण,संक्षेप,संक्षिप्त करने की क्रिया  प्रस्तुत लेख,संक्षिप्त करण्याची क्रिया दि,1
149,149,मुरब्बा,मुरांबा,वह मिठाई जो फलों आदि को चीनी आदि की चाशनी म,साखरेच्या पाकात मुरवलेला आंबा इत्यादी,1
151,151,साक्षर,पीलू,जिसे अक्षरों को पढ़ना लिखना आता हो हमार,एका काटेरी झाडाचे फळ पीलू हे ल,0
153,153,क्यूबाई,माचा,क्यूबा से संबंधित या क्यूबा का  क्यूबाई,"चार खांबांवर उभारलेली, शेताच्या राखणीसा",0
155,155,ठेस,ठेच,ठेस का लाक्षणिक प्रयोग उसके व्यवहार से,लाक्षणिक अर्थाने ठेच तिच्या व,1
157,157,किसमिस,खिसमिस,सुखाया हुआ छोटा बेदाना अंगूर माधविका क,द्राक्ष वाळवून तयार झालेला सुका मेवा,1
159,159,जीव मंडल,ग्रीनलँडिक,पृथ्वी की सतह और वातावरण का क्षेत्र संप,ग्रीनलँडिक भाषाचा वा त्याच्याशी संबंधित,0
161,161,अमाननीय,अमान्य,"जिसे ठीक, नियमित या विहित न होने के कारण न ",मानण्यास योग्य नसलेला मला ह्य,1
163,163,तृषा,तृष्णा,पानी पीने की इच्छा अपनी तृषा बुझाने के ,पाणी पिण्याची इच्छा मला खूप त,1
165,165,कल्पतरु,कल्पद्रुम,हिंदू धर्मग्रंथों में वर्णित वह वृक्ष जो,"एक काल्पनिक वृक्ष, आपण कल्पिलेली कोणतीही",1
167,167,प्रेषण,भोपळा,कहीं कुछ या किसी को भेजने या रवाना करने की,क्रिकेट ज्यात एक ही धाव झाली नाही अशी स्थ,0
169,169,आवासी,रहवासी,किसी जगह पर रहने या बसने वाला जीव जंगल क,एखाद्या ठिकाणी राहणारा किंवा निवास करणा,1
171,171,लौंग,लवंग,एक झाड़ की कली जिसे सुखाकर मसाले और दवा के,लवंग नावाच्या झाडाच्या वाळविलेल्या कळ्य,1
173,173,परसादी,प्रसाद,वह खाने या पीने की वस्तु जो देवता को चढ़ाई,देवाला चढवलेले खाण्यापिण्याचे पदार्थ,1
175,175,विनती,विनवणी,किसी से कुछ करने के लिए नम्रतापूर्वक कहने,एखाद्यास एखादी गोष्ट करण्यासाठी नम्रपणे,1
177,177,त्रैलोक्य,त्रिलोक,"स्वर्ग, पृथ्वी और पाताल   ये तीनों लोक भग","त्रैलोक्य,त्रिलोक,""  स्वर्ग, पृथ्वी और पाता"" ",1
179,179,कुंडी,पन्ह,मिट्टी या पत्थर का एक बरतन जो कटोरे के आका,"उकडलेल्या कैरीच्या बलकात साखर, मीठ व पाणी",0
181,181,कटोरदान,कर्णवेध संस्कार,वह ढक्कनदार बर्तन जिसमें भोजन आदि रखते है,लहान मुलाचे कान टोचण्याचा एक विधी सोळासं,0
183,183,बुर्ज,बुरूज,किले की दीवार में थोड़ी दूर पर त्रिकोणाका,"कोटाच्या तटबंदीत मजबुतीसाठी, बचावासाठी ",1
185,185,रक्तप्रवाह,कॅरामल,रक्त का प्रवाह हृदय का रक्तप्रवाह रुकत,"दूध, तूप, भाजलेली साखर इत्यादींपासून बनवल",0
187,187,कुहू,तांबडा समुद्र,अमावस्या की रात तांत्रिक कुहू को तंत्र,हिंदी महासागराचा एक फाटा तांब,0
189,189,इच्छा,इच्छा,वह मनोवृत्ति जो किसी बात या वस्तु की प्रा,ज्यामुळे एखाद्या गोष्टीच्या प्राप्तिकड,1
191,191,नोंकदार,टोकदार,जिसमें नोक हो भाला एक नोंकदार हथियार है,तीक्ष्ण टोक असलेला त्याला टोक,1
193,193,विकलांगता,दारुड्या,विकलांग होने की अवस्था या भाव  परिश्रमि,दारु प्यायलेला माणूस तो दारुड,0
195,195,सिंधव,सिंधी,"सिंध प्रदेश का या वहाँ के निवासी, भाषा, संस",सिंध प्रांताचा त्याला सिंधी भ,1
197,197,निद्राग्रस्त,निद्राक्रांत,जिसे नींद आ रही हो या जिसकी आँखें नींद से भ,ज्याला झोप येत आहे असा सीता आप,1
199,199,एकमुश्त,चोळमंडल,एक बार में या एक साथ उसने सारा देन एकमुश,एक प्राचीन देश सध्याचे तंजाऊर,0
201,201,पाया,बडबड,"पलंग, चौकी, आदि में नीचे के वे छोटे खंभे जि",काहीतरी वेड्यासारखे असे निरर्थक भाषण,0
203,203,फुहारा,फवारा,वह मानवकृति जिसमें से ऊपरी दबाव के कारण ज,पाणी उंच उडवण्याचे साधन म्हैस,1
205,205,गुणग्राहक,गुणग्राही,गुणों या गुणियों का आदर करनेवाला व्यक्ति,गुणांची पारख करणारा तूच खरा म,1
207,207,परिभ्रमण,परिक्रमण,किसी स्थान आदि के चारों ओर घूमने की क्रिय,एखाद्या वस्तू किंवा जागेच्या सभोवती फिर,1
209,209,गँजेड़ी,अनुषंग,वह जो नशे के लिए प्रायः गाँजे का सेवन करता,एखाद्या गोष्टीपासून आपोआप दुसरी गोष्ट घ,0
211,211,उद्यमशील,उद्योगशील,जो प्रयत्न या कोशिश में लगा हुआ हो या प्रय,प्रयत्न करत राहणारा उद्योगशी,1
213,213,लखपति,गोत्रप्रवर्तक,जिसके पास लाखों रूपयों की सम्पत्ति हो श,ज्याच्या नावाने गोत्रची उत्पत्ती झाली आ,0
215,215,दिवसकर,दिवाकर,हमारे सौर जगत का वह सबसे बड़ा और ज्वलंत ता,दिवसाचा प्रकाश निर्माण करणारा आणि पृथ्व,1
217,217,परदेसी,परदेशी,जो दूसरे देश का रहनेवाला हो या दूसरे देश म,दुसर्या देशात राहणारा परदेशी,1
219,219,आह्वान,भूलभुलैय्या,किसी काम में साथ देने के लिए बुलाने या आओ क,ज्यात एकदा शिरले की बाहेर कसे पडावे हे कळ,0
221,221,अनमिख,अनिमिष,बिना पलक झपकाए या टकटकी बाँधे हुए वह आग,न मिटणारा ती अनिमेष दृष्टीने ,1
223,223,परजा,प्रजा,किसी राजा के अधीन या उसके राज्य में रहने व,एखाद्या राजा वा शासनाच्या आधिपत्याखाली ,1
225,225,जमापूँजी,गंगानगर,इकठ्ठा या जमा किया हुआ धन उसकी सारी जमा,भारतातील राजस्थान राज्यातील एक जिल्हा,0
227,227,स्वादयुक्त,काच,जिसमें स्वाद हो या जो स्वाद से भरा हुआ हो,"वाळू, सोडा, पोटॅश, चुना, अल्युमिना, शिशाचे ",0
229,229,सब कुछ,राहू,"पूरा का पूरा काम, वस्तु आदि यानि जिसमें सब",नवग्रहातील आठवा ग्रह तुमच्या,0
231,231,हफ्ता,हप्ता,सात दिनों की अवधि मैं एक सप्ताह में वाप,सात दिवसांचा कालावधी मी मागचा,1
233,233,हौली,हिरण्यधनू,देशी शराब बनने या बिकने की जगह धनिया का ,एक पौराणिक निषाद एकलव्य हा हि,0
235,235,सोमपिती,महिषासुर,रगड़े हुए चंदन को रखने का बर्तन संतजी र,पुराणांत दुर्गादेवीने ज्याचा वध केला तो ,0
237,237,जनप्रियता,लोकप्रियता,लोकप्रिय होने की अवस्था या भाव हिन्दी क,लोकप्रिय असण्याची अवस्था कॉम,1
239,239,दोस्ताना,दोस्तीचा,मित्रता से भरा हुआ या मित्र जैसा श्याम ,मैत्री असलेला किंवा मित्रासारखा,1
241,241,कैलिफोर्निया,ग्रंथी,अमरीका का एक राज्य जो प्रशांत महासागर के ,"शीख गुरुद्वारांमधील संत, जो ग्रंथ साहेबम",0
243,243,ध्वनि,नराधम,वह जो सुनाई दे एक तीव्र ध्वनि ने उसकी एक,माणूस असूनही राक्षसासारखा वागणारा माणूस,0
245,245,जितना,जितका,जिस मात्रा या परिणाम का मैं आपसे जितना ,प्रमाणवाचक शब्द तुला जितक चाल,1
247,247,इरा,धरा,सौर जगत का वह ग्रह जिस पर हम लोग निवास करते,ज्यावर जीवसृष्टी आहे असा सूर्यमालेमधील ,1
249,249,नागरंग,नारंगी,नीबू की जाति का एक मझोले आकार का पेड़ ना,लिंबाच्या जातीचे एक झाड नागपु,1
251,251,मालिक,मालक,वह जिसे किसी वस्तु आदि पर पूरे और सब प्रका,एखाद्या गोष्टीविषयी सर्व किंवा महत्त्वा,1
253,253,परमल,परिमल,अच्छी गन्ध या महक फूलों की परमल सारे बग,चांगला वास रातराणीचा परिमल दर,1
255,255,मोरध्वज,रास,द्वापर युग के एक राजा जिनकी भक्ति की परीक,खळ्यातील धान्याचा ढीग रास गोण,0
257,257,प्रधानता,प्राधान्य,श्रेष्ठ या मुख्य होने की अवस्था या भाव ,सर्वात श्रेष्ठ किंवा प्रमुख असण्याचा अव,1
259,259,जांबू,जांभूळ,एक सदाबहार पेड़ जिसके फल बैंगनी या काले ह,जांभळ्या रंगाची फळे येणारे सदाहरित झाड,1
261,261,हत्यारा,हत्यारा,वह जिसने किसी को जान से मारा हो या मारता हो,खून करणारी व्यक्ती न्यायाधीश,1
263,263,गुल्लाला,मित्रराष्ट्र,एक प्रकार का लाल फूल पहले लोग गुल्लाला ,संकटसमयी मित्रभावाने एकमेकांना मदत देणा,0
265,265,दिग्भ्रमित,हस्ताक्षरतज्ञ,जो सही दिशा में नहीं जा रहा हो दिग्भ्रम,एखादे हस्तक्षर अभ्यासून ते एखाद्या विशि,0
267,267,दोली,डोली,एक प्रकार की सवारी जो कहार कंधे पर लेकर चल,"अशक्त, आजारी, स्त्री, पुरुष, वृद्ध यांना ने",1
269,269,टांगना,टांगणे,नीचे से किसी ऊँचे आधार पर इस प्रकार टिकान,वस्तूची एक बाजू एका ठिकाणी अडकवून वस्तू ल,1
271,271,मित्र,वडा,प्रायः समान अवस्था का वह व्यक्ति जिससे स्,उकडलेल्या बटाट्याच्या सुक्या भाजीचे गोळ,0
273,273,वैभिन्य,वैविध्य,अनेक प्रकार की बातों आदि से युक्त होने की ,अनेक प्रकारच्या गोष्टी इत्यादींनी युक्त,1
275,275,रैयत,रयत,किसी राजा के अधीन या उसके राज्य में रहने व,एखाद्या राजा वा शासनाच्या आधिपत्याखाली ,1
277,277,गुप्तकालीन,ध्वजदंड,गुप्तकाल से संबंधित या गुप्तकाल का सार,झेंड्याची काठी ध्वजदंडावर झे,0
279,279,द्रुमिल,ट्रॅफिक जॅम,एक ऋषि द्रुमिल का वर्णन पुराणों में मिल,एका विशिष्ट कालावधीत एका विशिष्ट क्षेत्,0
281,281,ग्राहकगण,सक्तमजुरी,सामूहिक रूप से ग्राहक का वर्ग इस दुकानद,एखाद्या गुन्ह्याबद्दल गुन्हेगारास तुरु,0
283,283,तरीदार,रसदार,जिसमें शोरबा या रस हो पूड़ी के साथ तरीद,ज्यात रस्सा आहे असा पुरीबरोबर,1
285,285,व्यावसायी,व्यापारी,व्यापार करने वाला व्यक्ति मोहन एक कुशल,व्यापार करणारी व्यक्ती रुपया,1
287,287,अपरिहार्य,अनिवार्य,"जिसे लेना,रखना या मानना बिलकुल आवश्यक हो",टाळता न येणारा प्रश्नपत्रिके,1
289,289,कुकृत्य,अपकृत्य,बुरा कर्म या वह कर्म जिसे करना बुरा हो त,दुष्टपणाचे कृत्य सर्वांना आप,1
291,291,चातुर्मास,उड्डाण,चतुर्मास का या चतुर्मास में होने वाला ग,विमान इत्यादींना उडविण्याची क्रिया,0
293,293,समद्विबाहु,200,जिसकी दो भुजाएँ समान हों  एक समद्विबाहु,शंभर आणि शंभर मागच्या वेळी दो,0
295,295,ग्रसित,ग्रस्त,पकड़ा हुआ रोग ग्रसित होते हुए भी वह इला,तावडीत सापडलेला बरीच वर्षे तो,1
297,297,अनुमति,दामोदर,कोई काम करने से पहले उसके संबंध में बड़ों ,बिहार आणि पश्चिमबंगालातून वाहणारी गंगेच,0
299,299,सर्वभक्षी,सर्वभोजी,जो सबकुछ खाता हो  मानव एक सर्वभक्षी प्र,सर्व प्रकारचे अन्न ज्यास चालते असा,1
301,301,चुपचाप,गुपचूप,दूसरों की नजर बचाकर श्याम चुपचाप से आया,एखाद्याची हळूच नजर चूकवून मी ,1
303,303,जलपीपल,दीक्षा,पीपल की जाति का एक बहुत छोटा पेड़ जो अगतिम,उपनयन संस्काराच्या अंतर्गत एक विधी ज्या,0
305,305,वरदाता,वरदायक,वर देने वाला वरदाता ईश्वर हमें बिना माँ,वर देणारा वरदायक ईश्वर आपल्या,1
307,307,चलना,नाशवंत,चलनी की तरह का लोहे का वह बड़ा कलछा जिससे उ,नाश पावणारा नाशवंत वस्तुंना थ,0
309,309,आत्माभिमान,स्वाभिमान,अपनी प्रतिष्ठा या अभिमान महाराणा प्रत,स्वतःचा अभिमान प्रत्येक माणस,1
311,311,सहल,सहज,जल्दी हो सकने वाला या जिसमें कठिनाई न हो,करण्यास किंवा होण्यास कठीण नसलेले,1
313,313,बपतिस्मा,कोटा,ईसाइयों का एक धर्म कार्य बपतिस्मा के द्,एक द्रविड भाषा दक्षिण भारतात ,0
315,315,दरियाई नारियल,पन्नासेक,एक प्रकार का बड़ा नारियल दरियाई नारियल,लगभग पचास त्याच्या कुटुंबात प,0
317,317,प्रभावकारी,प्रभावशाली,अपना काम या प्रभाव दिखलानेवाला यह सर्द,आपले काम किंवा प्रभाव दाखवणारा,1
319,319,पंजर,पिंजरा,"लोहे, बाँस आदि की तीलियों का बना हुआ वह झाब","पंजर,पिंजरा,""  लोहे, बाँस आदि की तीलियों का ब"" ",1
321,321,कैप्सूल,अवतरण,एक प्रकार की दवा की गोली जिसमें एक सम्पुट ,अभियुक्त ग्रंथकारांच्या ग्रंथांतून आपल,0
323,323,दुःखद,दुःखमय,जो दुख से भरा हो हिंदू विधवा का जीवन दुः,दुःखाने भरलेला त्याच्या दुःख,1
325,325,छोर,सदरा,अधिक लंबी और कम चौड़ी वस्तु के वे दोनों सि,"आर्धी बाही वा पूर्ण बाह्यांचा, कंबरे पर्य",0
327,327,जुवार,ज्वारी,एक प्रकार का पौधा जिसके दाने अनाज के रूप म,एक धान्याचे रोप शेतात यंदा ज्,1
329,329,अनुपात,मार्गदर्शन,दो मात्राओं के सापेक्ष परिमाण एक और पाँ,मार्ग दाखवण्याची क्रिया शिक्,0
331,331,फेनदार,फेसयुक्त,जिसमें फेन या झाग हो  समुद्र में फेनदार ,फेस असलेला समुद्रात फेसयुक्त,1
333,333,मदनचतुर्दशी,स्वादुपिंड,चैत्र मास के शुक्ल पक्ष की चतुर्दशी कल ,पोटाच्या मागाच्या बाजूला असलेली ग्रंथी,0
335,335,क्रूरता,क्रूरपणा,"निर्दय होने की अवस्था, गुण या भाव सुरेश ",कठोर किंवा निष्ठुर असण्याची अवस्थआ किंव,1
337,337,गौरक्षा,गोरक्षण,गाय की रक्षा करने का काम वे गोरक्षा को अ,गायीचे रक्षण करण्याचे काम ते ,1
339,339,दुश्मन,दुम्मान,वह जिससे शत्रुता या वैर हो दुश्मन और आग ,ज्याच्याशी वैर आहे असा मनुष्य,1
341,341,सिपाहगिरी,शिपाईगिरी,सिपाही का काम श्याम सिपाहीगिरी करता है,शिपायाचे काम त्याचे काका लष्क,1
343,343,छाल,दिवस,"पेड़ों के धड़,शाखा आदि का ऊपरी आवरण किस",दिवसाच्या चोवीस तासातून काम करण्याची वे,0
345,345,शंकर ताल,चंदीगड,संगीत में एक ताल शंकर ताल में ग्यारह मा,भारताचे एक केंद्रशासित प्रदेश,0
347,347,युद्धबंदी,युद्धकैदी,युद्ध के समय बन्दी बनाए हुए विपक्षी सैनिक,युद्धात अटक केलेले सैनिक भारत,1
349,349,नगरघड़ी,बलरामपूर,वह टावर जिसमें एक या एक से अधिक बड़ी घड़िय,भारताच्या उत्तर प्रदेश राज्यातील एक जिल,0
351,351,बिद्ध,विद्ध,"छिदा, भेदा या बेधा हुआ  शिकारी बिद्ध शिक",हल्ल्यात वेध घेतला गेल्याने घायाळ झालेल,1
353,353,सीधे,सुरत,बिना मध्यस्थ के मैंने रुपयों के लिए सीध,भारतातील गुजरात राज्यातील एक जिल्हा,0
355,355,चुनाव क्षेत्र,कपिंजल,वह स्थान या क्षेत्र जिसे अपना प्रतिनिधि च,एक ऋषी कपिंजलचे वर्णन पुराणां,0
357,357,अपमान,अवमान,वह बात या कार्य जिससे किसी का मान या प्रति,"एखाद्याचा मान, प्रतिष्ठा भंग करणारी गोष्",1
359,359,राजसमन्द,मेंदी,कुंभलगढ़ के रास्ते पर स्थित एक विशाल झील ,ज्याच्या पाल्यात कात चुना घालून स्त्रिय,0
361,361,भीम,व्यवस्था,युधिष्ठिर के छोटे भाई जो अर्जुन से बड़े थ,एखादे विशिष्ट काम करायला समर्थ अशा लोकां,0
363,363,खिरनी,वाघनख,एक प्रकार का ऊँचा और छतनार सदाबहार वृक्ष,वाघाची नखे सोन्यात मढविलेला गळ्यात घाला,0
365,365,खूनी,सुजाता,खून संबंधी या खून का खूनी रिश्तों में स,उद्दालक ऋषींची पुत्री जिचा विवाह कहोडसो,0
367,367,श्रद्धेय,गोळीबार,जिसके प्रति श्रद्धा करना उचित हो ईश्वर,मारण्यासाठी बंदूक इत्यादीतून गोळी झाडण्,0
369,369,बिक्री,विक्रय,मूल्य लेकर किसी को कोई चीज़ देने की क्रिय,मोल घेऊन एखादी गोष्ट देण्याची क्रिया,1
371,371,पलंगपोश,पलंगपोस,पलंग आदि पर सबसे ऊपर बिछाने की चादर पलं,पलंग इत्यादीवर अंथरले जाणारे वस्त्र,1
373,373,परिभाषा,संथाली,किसी शब्द या पद का अर्थ या भाव प्रकट करने व,संथाल जमातीतील लोकांची भाषा स,0
375,375,प्रियतम,प्रियकर,वह पुरुष जो प्रेम करे मीता अपने प्रियतम,प्रेम करणारी पुरुष व्यक्ती ति,1
377,377,कृति,लाजाळू,"चित्र, ग्रंथ, वास्तु आदि के रूप में बनाई हु",थोड्या स्पर्शाने पाने मिटणारी वनस्पती,0
379,379,टंकी,टाकी,किसी वाहन में बना वह पात्र जिसमें ईंधन आद,एखाद्या वाहनात इंधन इत्यादि भरलेले धातू,1
381,381,संरक्षण,सुरक्षा,अच्छी तरह की जाने वाली रक्षा यह देश आभा,"व्यवस्थितपणे राखणे, संभाळ करण्याची क्रि",1
383,383,मानसिक रोग,मायक्रोनेशिया,"तनाव, घबराहट आदि की स्थिति उनके मानसिक ",पश्चिमी प्रशांत महासागरात स्थित द्वीपसम,0
385,385,पुत्ररहित,पुत्रहीन,जिसे पुत्र न हो पुरुष हमारा पुत्ररहित ,मुलगा नसलेला माझा पुत्रहीन शे,1
387,387,नाराच,नंदूरबार,एक प्रकार का बाण जो लोहे का बना होता है श,महाराष्ट्रतील एक जिल्हा नंदू,0
389,389,विषम,कोक्राझार,जो दो से भाग देने पर पूरी पूरी न बँट सके सं,भारताच्या आसाम राज्यातील एक जिल्हा,0
391,391,प्राणिमात्र,प्राणिजात,सभी सजीव सृष्टि स्वतंत्रता और स्वाधीन,सर्व सजीव सृष्टी प्रदूषणामुळ,1
393,393,नाटकीयता,नाटकीपणा,नाटकीय होने की क्रिया या अवस्था जयश्री,नाटकी असण्याची क्रिया किंवा अवस्था,1
395,395,सुनाभ,अंगी,गरुड़ का एक पुत्र सुनाभ का वर्णन पुराणो,अनेक अवयव मिळून झालेला विशिष्ट पदार्थ,0
397,397,नागपुरी,पणत,एक प्रकार की भैंस जिसके सींग लंबे होते है,नातवाचा मुलगा माझा पणतू चार व,0
399,399,ग्वारानी,स्प्रिंग,पराग्वे तथा बोलीविया में बोली जाने वाली भ,"धातूची लवचिक, दबणारी किंवा दाबून किंवा ओढ",0
